{"377": [[59.91567, 10.777569999999999], 5, 10, 0, 0], "388": [[59.914590000000004, 10.73545], 5, 10, 0, 0]}